feature,importance
Dst,45.83745561075144
Kp,36.551645731929106
electron_flux,13.649792857372077
alert_kp_interaction,2.223395382386694
is_storm_alert_active,1.7377104175606704
